{
  "id": "tenebrie-griffon-form",
  "title": "Griffon Form",
  "description": "Compatibility shape for Untamed Form druid and Clawdancer Dedication.",
  "version": "1.0.1",
  "authors": [
    {
      "name": "Tenebrie",
      "flags": {}
    }
  ],
  "compatibility": {
    "minimum": "9",
    "verified": "12"
  },
  "packs": [
    {
      "name": "griffon-form",
      "label": "Griffon Form",
      "path": "packs/items",
      "type": "Item",
      "system": "pf2e",
      "ownership": {
        "PLAYER": "OBSERVER",
        "ASSISTANT": "OWNER"
      }
    }
  ],
  "manifest": "https://github.com/Tenebrie/foundry-griffon-form/raw/refs/heads/main/module.json",
  "download": "https://github.com/Tenebrie/foundry-griffon-form/raw/refs/heads/main/tenebrie-griffon-form.zip"
}